{
    "loss": 16.923351287841797,
    "accuracy": 0.5467625856399536
}